,fc
NOLC1,2.22035126214744
OGFR,1.95470815412572
ADSS2,-1.09023145310768
SEMA4B,-2.0171208592081
CASP7,1.71750496778956
GANAB,1.69658373151379
TMEM245,-0.76191753901271
TUFT1,1.16040184077639
CPNE3,-1.13308862638504
SLFN11,0.626709155414139
EPDR1,1.30785578882305
LBR,-1.14674585374918
RDH11,-1.00511668580337
ARHGEF1,1.24902654901615
G3BP2,1.61014213624264
HABP4,1.82028391794278
MYO1E,-0.960673096318031
MYO9B,7.1316580099051
RAB3D,-1.13491688557606
ADAM17,-1.1379486655343
PCYT2,-1.09334056085532
SF3B2,1.27696485598935
TBC1D10B,1.35433825013917
ATP2A2,-0.977285449257724
FNBP1,0.670681651580516
NUDCD3,1.16337829112757
PFKM,-1.28569376272723
PRDX4,1.10591067428932
TACC1,-0.720049224179438
TARS2,1.08252909461898
RHEB,-1.24975759790397
OSMR,-0.920236055598371
CEMIP2,-1.06301532327321
STX12,0.944805006880826
ATP6V1B2,-0.914590725127549
ATP6V1C1,-0.836383487803073
CA2,-0.896519215099233
CSK,1.06487140457293
FKBP5,1.01464957715455
UBE4A,-0.904505712618279
DHX37,1.84114695140278
MCAM,-1.1532815639123
ELOA,1.0997675094613
LONP1,1.51434364901946
ME1,1.02819093174738
RAB14,-0.872975813923387
TPM4,2.38643054551513
ETNK1,-0.800814178182743
RCC1L,1.39375842017278
FMNL1,3.12570021633319
CFL2,-0.754440488216528
RPS6KB1,-1.00557077204214
HSD17B7,-1.12356493385083
NPTN,-0.558191076309941
RDX,-0.694363572999473
CTSL,1.37326231948948
CPOX,-0.810295093775175
PAFAH1B2,0.996433923288328
YAP1,0.781871627141659
GFPT2,-0.577332948427615
IDH1,-0.671978046963948
KIAA1522,0.819923649845899
TAPT1,-0.597683401140662
NIPSNAP3A,-1.00553444846524
MGLL,0.650091023680039
DOCK5,-1.25995663243547
ASAP2,-0.703812184660955
HARS1,0.894748589284063
ZC3H18,0.877372294541427
NCEH1,-0.489183146059341
WBP11,1.27042548315111
ADA,-1.31435991019649
HDGFL2,0.808473095851541
AFDN,1.01998857022689
ECI1,0.791331931139408
ELP1,1.40615031193172
GBF1,0.574678223320179
TOMM34,1.05820781019608
SRP19,1.08921006996354
C5orf22,-0.652000115284358
NUDC,0.887373225075235
TXLNA,0.903855024725198
AC135050.2,-1.44338355389408
STK4,-0.615778022325517
LUZP1,0.439107724355146
MESD,1.21079326850967
DUSP3,0.369031940512867
ENO2,-1.03170691525295
PITHD1,0.98120829017092
PGRMC2,-0.894561925320792
PRDX2,-0.972265236603848
TRIM25,-0.79232114214477
SUN1,-0.77025732535541
CLINT1,-0.584846736433768
HDAC1,0.56070591605422
MAP7D1,0.653655249642282
MTHFD2,0.774278447130576
THEM6,-0.886221302752585
IGF2BP2,-0.98998280844289
MTCL1,0.783271344537152
INTS9,0.633889379716936
GALK2,3.07069492937951
ASPH,-0.554074044916376
FHL1,-1.16246907695299
FBXO21,-0.59261963322876
NACC1,0.747892559756719
MAPK8,-0.938529463108098
RAB10,-0.640738683742138
RAD23A,1.78570453442242
PATL1,0.760329407625312
GOLGA2,1.20499631186167
DNM1,-1.24705156855974
PTBP3,-0.840563637862091
YTHDF2,0.477457207065935
MPI,-0.9936479174161
HP1BP3,-1.06509071212134
TMEM87A,8.1928796055456
DCBLD2,1.65228713262898
MSTRG.21939,-0.759005578204625
SUPT16H,0.821327427234789
ACO1,-0.591852908498231
FGD6,-0.58824073254451
RAB5B,-0.724867737466283
TMED4,-0.953863988137115
MSTRG.23498,1.02475960691193
MAK16,1.58520321189842
IWS1,0.671771435286763
RSU1,-1.25250689746993
MSMO1,-0.692711836509868
HMG20A,0.705346778644437
HSPD1,1.11948657553698
REEP6,-1.08279663136141
YWHAG,0.607296591182692
TFB2M,1.15377993881395
VPS33B,-0.715488942596697
DDX23,0.804642339837842
MOV10,-0.973464258014299
USP10,-0.886679592926169
ASH2L,-0.741611177089943
GSK3B,1.1118312456659
TOMM22,1.36571035491015
GNPDA1,0.996061711652095
B4GALT1,0.772725222750484
CDK5,-0.622844502229531
SSRP1,0.327695309956528
PI4K2A,-0.528761007492048
UGCG,-0.449028593085209
BIN3,1.2048873538495
IQGAP1,-0.447671214461541
GRHPR,-0.798426549588476
NUMA1,2.37424126339941
TMEM33,1.09274138726201
NELFB,0.728395679150799
TCOF1,1.38250400905409
AHSA1,0.825595025211345
BRD4,0.75302539089298
GNB4,-0.811625856000552
NDRG3,-0.860178230858471
OSBP,0.716844733412838
OSTF1,-0.685801202098909
TYW1,0.48701086581038
LSM1,0.871633077022038
SBDS,0.948225875021343
CLTB,1.40295772742433
TNPO3,0.630974789568572
GOLGA3,0.930853833016185
KIDINS220,0.499512134263137
HINT3,-0.761646020571195
GSR,-0.697416645602426
WDR55,0.29246371822445
CIAPIN1,-0.514624766451966
DROSHA,0.770150621064952
CASP8,0.814581236537502
PRPF19,0.695276892803248
TMEM97,-0.637660623639208
GLTP,0.583705402579945
TACC2,1.04949435257801
SCRN1,0.776510403591998
ISG20L2,1.11796311999899
GPX4,-0.592692839011904
BRD3,0.696558191110058
PTTG1IP,-0.554564397489016
UFC1,-0.634290560552543
PPP2R2A,0.659210309506202
HSDL1,-0.56991194432046
RAB2A,0.689707905195705
ZPR1,0.865920714270311
WDR1,0.639392344544067
FHL2,0.641630648320677
MYD88,-1.23228291574484
LETM1,0.706634231012776
CCN1,0.561818929822011
TTC27,0.885479913764612
ALDH2,-0.657108149936994
DHRS7B,-0.614330941886516
POLR2D,1.41456973540685
PRPF3,1.15955205324255
RHPN2,-0.602702499190677
ZNF622,1.09760168381734
SLC9A3R1,-0.660327538387803
TFCP2,0.5584587993491
TBC1D2,0.684280836380388
CDC23,-0.734750295929809
GAMT,-1.11177804259548
ATP2B4,-1.11110687720762
DCXR,-0.765707110148312
HNRNPDL,1.10786029075501
EXD2,0.963147391191288
CELF1,1.08840502915739
RNPS1,0.918227356930122
UNC93B1,-1.09848515308037
VCL,-0.612075940232242
ZNFX1,0.649169022746182
SLC1A5,0.909105105790337
MCRIP2,0.777873884124286
ALAD,-1.1119415887247
MYH9,0.867585919082018
GNB2,-0.717250776323427
NUDT3,0.525581710962594
DHX8,0.437803564281662
EPS15,-0.624143388564452
ACADS,-0.626434324520215
CRAT,-0.579053115925058
GYG1,-0.721024631235197
CMTR1,-0.471961680355794
MAN1B1,-0.608004153381151
CD81,-0.580625461922472
SLC25A4,-0.739953294873599
AIP,-0.534054277390002
SERPINB6,0.898338647942739
SETD3,-0.897266864330446
MAPK9,-0.419201587811919
PPIB,0.645097356233057
IQGAP3,-0.638104241178068
TBC1D4,10.2464757659554
RAB6A,-0.440983922373928
TGOLN2,0.942979896033509
MON1B,0.850959543188414
HNRNPH3,0.928797101892577
NOL10,0.928920596356388
GFPT1,0.299198141705441
SF3A3,0.531264492607458
DICER1,-0.958325832663543
KARS1,0.52446258702443
SFXN3,-0.877884947664008
PDLIM7,-0.628347846227945
PRKCA,-0.598132287954012
HEBP1,-0.588882082909068
MAVS,-0.664729686643687
PTPN11,0.996713679771081
ERGIC3,-0.489684074575701
GPATCH4,0.852275246952156
KPNA6,0.294153310510573
URB2,1.28281534751946
HEATR3,-0.892190310215197
CSTF2T,0.74778075982671
AC004223.3,0.347144931449716
ATP5F1C,-1.06685101152507
SLC2A1,-0.698885969175658
ARL2,-0.505616171173177
ELOB,-0.554467585939448
TRAF2,0.453216750415175
PMVK,0.594844761595062
BMS1,1.26040455049918
ERO1A,0.648089643888566
PPP1CB,0.627769425914353
LMNA,0.434461475074562
CHD8,0.389374946647342
MARCKSL1,-0.75817140807945
FBXO22,0.602486842608087
EGFR,6.19161727876704
SLU7,0.69608697171366
SWAP70,0.83597161525733
TMEM43,-0.577745291470979
SRSF4,0.386014793123691
LYPD3,-0.85163169463094
ANXA2,-0.629512122095779
LAP3,0.892231247263376
NSDHL,-0.469603578935325
EIF3B,0.617554177175243
RPUSD2,0.586440536510752
CCDC6,0.672043787445363
SDC4,0.512451879924646
OGA,0.613658585349084
RAB6B,-0.601449293779885
NFS1,0.540598450921388
GSTT1,-0.771935870406671
CAP2,-0.562109613514877
ARHGEF7,0.616643590860441
GLCE,-0.530708665165648
XPR1,0.637114178417931
CPSF3,0.719100551163738
CYB5R1,-0.985921450342938
M6PR,0.577391673260165
RNF20,0.344728048746296
DCPS,-0.334978625875289
ACTB,0.660837156636988
TMED9,0.401283789412597
PAPSS1,-0.46591353176904
TRADD,0.503438788691121
MTHFD1L,0.512012646798355
CARM1,0.450448292378577
HSPA9,0.806226730564315
RFT1,0.62525233563816
TST,-0.982053494344344
DKC1,0.810016113582006
RPS6KA4,0.995017083987421
PAPSS2,0.367244726922667
OTUD7B,0.521020593660934
PCYOX1,-0.466718356918968
EPN1,1.328271287737
UHRF2,0.590998902432747
PCYOX1L,-0.827576228396595
PIN1,-0.433460740423016
OTUB1,-0.452435747889214
CRYZL1,-0.668193085906195
PCBD1,-0.734796347560675
SPR,-0.397980584060205
GOLM1,0.451073274482318
GSTK1,-0.44752942488263
MICALL2,-1.18702260962994
FN3KRP,-0.734195751915412
NECAP1,-0.280178232269442
PDCD11,0.845344271047538
ZC3H13,0.696130918253057
TUBA4A,-0.513487609579584
DCTN5,0.351095913135424
GCAT,-0.51482771660427
REEP3,-0.669173570133106
EIF3A,0.67434082560935
FUBP3,-0.340885287480078
ARFIP2,-0.930565462635415
TMEM109,-0.572287949597807
SMARCE1,0.842858071004908
RRP1B,0.439197824570994
AP3B1,0.533838064682919
HCCS,-0.463088862650262
MGA,0.455377531507836
TMX2,0.490587410987326
TRMT6,0.921754116835836
CDK12,0.703189081007394
MOGS,0.600996993942381
RRP12,1.03287845928565
DSE,0.493904263015203
PARP1,0.457119462614862
LTA4H,-10.8104303268596
SEC13,0.50751747221595
ALG9,-0.775768487626508
ADD2,0.739579150929547
MAEA,-0.73638028371856
METTL26,-0.816731422477451
DLST,-0.383049787085378
EIF3D,0.296931592199105
VPS26C,1.08592357501091
IVNS1ABP,0.547256960512331
RTKN,-0.41649302350441
USO1,0.520995656176486
DNAAF5,-0.255314193139147
TBC1D13,-0.577486670527133
UBE2L6,0.465756170106101
PREB,-0.609418882758707
CSNK1A1,0.462800556987141
LRRC59,0.615847312556986
RNF114,-0.380096530583691
SRP68,0.279706371600874
ATP5F1D,-0.868963312408534
PABPC4,0.428857543962343
HDGF,0.777329413590794
ANKZF1,-0.583555713034093
ASF1A,0.798585782986858
FLVCR2,-0.470605012523019
NPC2,-0.316931624021403
CPT2,-5.18170665693987
PHLDA1,1.24595754421417
XPO7,0.520667460429016
GMPR,-0.879066394929584
PFKFB2,0.604553230894595
SHTN1,0.607160687192297
EARS2,0.737726424970952
CS,0.342746634908671
HIF1AN,-0.247551289428218
TALDO1,-0.328886660892541
EZR,0.342967182200689
GNAQ,0.805118501987039
MYO1C,0.534732965342852
ITPA,0.600056420054956
UCHL1,-0.314301726601857
LZIC,-0.629978002064472
HTATIP2,0.672196414324421
PALM2AKAP2,0.887159725232279
MSTRG.16239,2.95596322697828
ARHGAP35,0.932768043329501
GOSR2,0.41164484274134
RMDN1,0.607719252250491
IST1,-0.236024704940126
NAT10,0.638441756919877
UBE3A,1.17410258182546
PFAS,0.654385351689685
C20orf27,-0.721405542482536
GARS1,0.773120003090522
DDX28,0.628232478373273
DSG2,0.346666405488182
NOC2L,0.535376360267847
RBM6,0.489730166999565
COPZ1,0.630515418945787
MSTRG.16690,-0.485318298408308
EXT2,-0.828988607297119
NDUFA8,0.331296531673068
KIF13B,-6.09758009529875
PHF5A,1.19672054395396
PPP1R14B,1.30176291654211
DMAC2L,-0.528509801816326
SNAPIN,-0.386781163007862
COX4I1,-0.491972091973044
IER3IP1,0.783384958143943
DYNLT1,-0.757125100985072
RGS10,-0.516564621436948
RUVBL1,0.503649821957635
CBL,0.258474785967965
PAK2,0.382699578657123
LIG1,-5.5876188384389
NOP16,0.492514731746452
BRI3BP,0.361167968828135
GLIPR2,-0.761173256761617
GTF2H3,0.758720419635758
POMGNT1,0.684590170405996
SRRT,-0.889583560001404
NDUFA2,-0.432171574219234
PAFAH1B3,-0.49218514971971
APBB1,-1.33013389821108
ARHGEF12,-0.139421427815045
DDX42,0.810330319518143
JPT2,0.430379864889224
DUS3L,0.754772672716564
NLN,0.54113004464365
COPS7B,-0.339442167011116
PRMT7,-0.484405514190169
STRIP1,-0.509715407856431
TIMM44,0.489077670910974
EPRS1,0.619109893780181
NF2,-0.52602477014178
INPP1,0.859549621024888
CDV3,0.740511630796703
NIP7,0.60896423182194
PES1,0.578889828845995
SMYD5,0.923553704539279
MAP2K3,0.758601469218147
CZIB,-0.387273206387251
PPCDC,0.449016487909064
ACOT9,0.498100825792427
MARS1,0.41293869473913
CUTC,0.566724723796063
AGTRAP,-0.624505416566726
NUBPL,0.661042966701475
MTMR2,0.639452217166877
HARS2,0.792048429633928
HSP90AB1,0.306533030875005
ASNS,0.57409902125573
PLEKHG4,-0.740227840277798
MID1,-0.485964179908629
BAD,-0.512112225473616
RCOR1,-0.988585750571828
DTD2,-0.7036510801847
WDR5,0.161239628569139
TRIM65,0.338241137410817
MSTRG.7641,0.600670649800489
NDUFC2-KCTD14,-0.422858058569626
MACROH2A2,0.441248969910602
YLPM1,0.326965575902704
GTF3C4,-0.298928431853914
MAP4K4,1.05669530682229
NSMAF,0.510687385142553
GOLGA5,0.681627853013958
FAM83D,-0.578155673626904
MTIF2,0.820443749161082
IDH2,-0.366462407883848
STRAP,0.509725565696905
GPAA1,1.06349154148528
PSMD11,-8.47761691141136
POLDIP2,0.326240181733915
DDHD2,0.520656652335561
DNAJC10,1.03250613510449
LMBRD2,0.548974476865309
YARS1,0.588732897194858
RPLP2,-0.38970063940387
PSME3IP1,0.451235049292891
ABHD6,-0.469913753166794
ZFYVE19,-0.694920523741855
CMIP,0.339712351907056
CDAN1,-0.970284660483431
CDKN2AIPNL,-0.509744063910572
NSUN2,0.621719480243998
RPL10A,-0.360367037573284
PNKD,-0.465178731898745
ARCN1,0.565192294150204
NAA38,-0.607597109275596
PRRC2C,0.552260833561675
MGST3,-0.309334815160579
EXOC2,0.681471103550736
UBE2V1,-0.396186707838883
WWC1,0.72013505159425
TERF2IP,0.296980704048012
IFRD1,0.676730919232168
ATP1B3,0.42688690994759
GOT1,0.388443621902395
NOP56,0.497215815773897
STK39,0.709393990420839
DNAJC3,0.500708650611155
SCPEP1,-0.441322112885162
CSTB,-0.296459125844127
PDIA3,0.331735847107045
DEGS1,-0.875599012382267
POLE4,-0.872752488490436
MSTRG.18476,-0.595933118426095
SLC7A1,0.643550161109145
APOBEC3B,-0.714821710692879
NPM3,0.495761133221731
TNFRSF10A,0.579023211386384
DENR,0.806478348570304
RPL4,-0.651029605278064
PARD3,0.473214254291136
TOR2A,-0.988151487091136
SLC7A11,0.95246806161762
RPL18,-0.54703222539929
MED1,0.39243410900166
PPP4R1,0.381045748301268
WNK1,0.278694877461443
NCSTN,0.430500316269478
CCNT1,0.432996211546565
SLC25A13,0.678777542236523
ITPRID2,0.845744226995699
MARS2,0.583937843270675
MAPRE3,-0.338567971362176
RPS4Y1,-0.279157234743809
TWF2,-0.337148692394579
TOR1A,0.212843500661897
RPS8,-0.25794742820776
COPS8,0.650485731938542
RRS1,0.581312047921013
POLR3D,1.12212981809208
UPP1,1.39613453049083
HECTD3,-0.474935191860815
PDE6D,-0.485724642409255
DCTD,0.511897970926272
NAMPT,0.621049622634439
RRP36,0.376813405172473
MSTRG.31404,-0.57904751770098
ATP5PF,0.526873796523648
TMEM147,-0.439619878288846
MRPL43,-0.314748360836233
SLC39A14,0.584806534708912
RPL14,-0.775771582759641
ATIC,0.303795324320373
FTSJ1,-0.433346156699975
SLFN5,0.651242388685607
GPS1,-0.564584733937982
REPS1,0.769009536355592
PSMC3,0.69185376429968
NIBAN1,0.598461494254483
PPP6C,-0.712097938444624
ACAA2,-0.44186810903706
KIAA1191,-0.380701634823084
BAZ1B,0.616624554056286
SLC20A1,-0.453127949183631
AATF_KI270857.1_1185240_1293236,0.62343149990763
AATF_chr17_36948954_37056871,0.623316877938174
ABALON,1.27993313067775
ABHD15,-0.526362285855907
ABHD17C,-0.46548751267814
ABHD2,-0.733498625837168
ABHD4,-0.812065822190203
ABL2,0.550997547244708
AC002524.1,-2.15253926597191
AC004812.2,1.30603242579887
AC004846.1,-0.757765405422522
AC005041.5,6.33121906786827
AC005256.1,6.48595362867262
AC005586.1,1.55143313293821
AC005730.2,-0.646255638100643
AC006058.3,1.74189180927103
AC006333.1,0.639663764038701
AC007128.2,-6.45141380082289
AC007192.1,-0.753647752253584
AC007318.1,-1.16153319430544
AC007325.4,-0.662377198085212
AC008537.3,-2.19386751180188
AC008555.1,-2.59004391988167
AC008764.8,1.43919096530965
AC009090.5,-1.85307694765682
AC009108.1,-5.30557932838382
AC009237.3,2.14540580730627
AC009831.1,-1.01391275784187
AC011997.1,-6.26333013221907
AC012513.3,0.938775959693798
AC012531.2,0.351752670433471
AC013472.1,1.32645368772404
AC015712.5,-3.13204860144635
AC015813.5,4.9958039166971
AC015922.3,1.34243626230077
AC016394.3,2.24746292947339
AC016629.3,0.924366133529228
AC016747.4,0.96738448716556
AC016876.3,0.669157683563214
AC018475.1,-0.780740123716344
AC018647.2,0.885003750560031
AC019080.5,-3.97305193117715
AC020904.2,0.478436963293412
AC020931.1,-3.30385044522252
AC022107.1,1.58399007534046
AC022210.2,2.2080918047742
AC022217.4,-5.19956903965832
AC022400.7,-1.57002872099444
AC022596.2,1.87943610878687
AC024610.2,1.00112057815317
AC026689.1,-1.29063640692697
AC026979.2,0.763432105676186
AC068633.1,-0.596780546722388
AC073508.3,1.04041873190306
AC073610.2,4.05622893621469
AC087392.5,-1.85312809520179
AC089999.4,1.77356727887945
AC092803.1,1.41612346896992
AC097359.2,2.12198184113263
AC098487.1,0.73988872953892
AC098934.1,-1.66020240851504
AC100810.1,-0.38916321296575
AC104024.2,2.19435328451882
AC119403.1,-6.61348382426704
AC120057.3,1.64661846134397
AC122688.3,-1.30668578613203
AC129492.3,-1.12718481629211
AC131160.1,0.898899424662753
AC134407.3,3.92909109338723
AC135506.1,-0.990378805614584
AC145098.2,1.22283327800308
AC241585.1,0.924496059154461
AC243837.2,1.11674186035852
AC243964.3,0.658952326094328
AC245049.2,3.02353618449353
ACBD7,-0.776995911919024
ACE,-2.53949761693775
ACOT1,0.345925338658672
ACOT11,-5.69397980726574
ACOX2,0.492675734034164
ADAM11,-0.999662403128839
ADAM15,1.32836046301965
ADAMTS15,-1.25142821222646
ADIPOR1,-0.264362526311864
ADRB1,1.1434892807098
AEBP2,0.538862391003075
AEN,0.576964298317826
AF201337.1,2.87726802465179
AFG3L2,7.13874532038146
AFMID,-0.520478840943937
AIF1L,-1.45927133800393
AKIRIN1,0.918248743805733
AKIRIN2,0.454956809708855
AL020996.1,2.21807372844997
AL031963.3,1.10473880583001
AL034417.3,-4.80120761528222
AL035071.1,0.965485934683908
AL132780.3,1.47456980454336
AL132857.1,-0.900267532685232
AL136038.7,1.24125004754115
AL136418.3,5.67673909525784
AL138781.1,1.69368284295357
AL138976.2,1.30353499033296
AL139220.2,0.588227052490498
AL139423.1,-24.4431230677726
AL158206.1,-1.41469765768912
AL159163.1,-2.76467328368286
AL161729.1,-1.04366675788013
AL162274.3,-1.96982019684209
AL163051.1,1.31718889832626
AL353807.3,-2.28029088625749
AL360270.3,1.06486739290959
AL365181.2,1.48423239229573
AL441992.2,-1.17231730371368
AL513165.2,-2.1200181673143
AL590867.2,-0.39876613330049
AL606834.1,1.39478344878166
AL645608.7,0.999759113017288
AL662884.3,2.7326372745442
AL691432.2,1.07259344542161
AL772155.3,1.1011275993944
ALAS1,-0.278719814043668
ALKBH7,-0.922778428558769
ANAPC11,-0.750576841137903
ANGEL2,0.76763293494742
ANKRD10,-0.596285750521463
ANKRD13B,0.72887410018516
ANKRD2,1.45030870632175
ANKRD27,0.493866355500801
ANKRD40,0.723685980840885
ANKRD6,-3.59436412276726
ANXA2P2,-0.445419600796105
ANXA2R,0.4819118344622
ANXA6,0.815064771039853
AOPEP,0.99473835584401
AP000251.1,1.37437654707334
AP000769.1,-1.43589667749296
AP000812.5,1.67614925738041
AP001000.1,-0.765117308837683
AP001107.9,-1.01702599164118
AP002360.2,1.31459648155793
AP002414.2,-1.05634240417221
APBA2_KI270905.1_1194322_1393362,0.970645698523064
APBA2_chr15_28884483_29118315,0.939158188168107
APEX2,0.451790991785566
AQP11,-2.38979673835119
ARAF,-0.376953351383091
AREG,1.0729595470727
ARHGAP40,6.16291971063016
ARL5B,-0.880315756366532
ARL8B,-0.910017167933265
ARMC10_chr7_103074881_103099759,-0.500242103626728
ARMCX5,1.21165347227143
ARNTL,0.500445377392026
ARRDC3,-0.971661046265926
ASF1B_ML143376.1_331671_348772,-0.905361174846542
ASF1B_chr19_14119512_14136613,-0.905361174846542
ASIC1,-1.10842090504453
ASTN2,1.05596237553566
ASXL2,-8.8853330854382
ATAT1_GL000251.2_2106566_2126545,-0.568086156078596
ATAT1_GL000252.2_1882672_1902652,-0.57380644793864
ATAT1_GL000253.2_1937071_1957052,-0.556510568130223
ATAT1_GL000254.2_1970890_1990873,-0.556510568130223
ATAT1_GL000255.2_1881930_1901911,-0.57380644793864
ATAT1_GL000256.2_1927600_1947582,-0.57249456027373
ATAT1_chr6_30626842_30646823,-0.555709935920975
ATF1,0.885297155742043
ATF6,0.674334057522878
ATG4D,-0.551250143110088
ATG9A,-0.624986336711688
ATP6V0E2,-0.557393238924844
ATP8B2,-0.367610599644796
B3GAT3,-0.720400576293294
BAG1,0.632392077373929
BAIAP2L2,-9.09470446761212
BAIAP3,-6.10907815683092
BAK1,-0.444009681233284
BBS4,-0.645220186059368
BCAN,1.46589033350529
BCL2L1,1.08594196799684
BCL2L12,-0.783024492720047
BCL7A,1.139474798598
BCL7B,1.16884901864924
BCOR,-0.850137439069422
BDH2,0.651540146086538
BLM,9.97819322877872
BMP2K,-1.86322135273782
BMT2,-12.077988229849
BNIP3,-0.922832940505073
BNIP3P1,-1.00548882079313
BOD1,0.984340253300148
BRK1,0.533233330377884
BRWD1-AS2,1.33690848451392
BUD13,0.494194769369464
BX005266.2,1.12843525838491
BX255925.3,-1.04534550302948
C11orf1,0.337021984409257
C11orf24,-0.346451688273261
C11orf71,0.680772421255395
C12orf66,0.940355734061713
C14orf119,-0.50255935730835
C15orf61,-0.526102316562511
C1QBP,0.346382766037896
C1QL4,-0.877633452865023
C1orf198,-0.427604901124402
C2orf68,0.652320545778131
C3orf80,-0.914676443766994
C9orf16,-0.50117373136104
CA5B,-4.38914777657426
CABIN1_chr22_24011192_24178628,0.710220849258923
CADM4,-0.784365631751825
CALM3,-1.06303257366197
CAPN10-DT,0.774338224902561
CAPN5,-1.34763570655745
CARD19,-0.556279343121888
CARHSP1,-0.50770797590153
CBLL1,-0.406909503239641
CC2D2A,2.2051822928253
CCBE1,1.07721917100246
CCDC103,0.990771915033971
CCDC115,-0.886967078529686
CCDC117,0.511980005987501
CCDC158,-6.96955284187082
CCDC184,0.911746367715283
CCDC25,0.664564597558074
CCDC66,5.07501677504454
CCDC88B,1.52209385564764
CCN2,1.27011467044409
CCNA1,-0.924298209922094
CCND3,-0.632962087068581
CCNE2,-7.25212318729684
CCNG1,-0.868739849157157
CCNY,-0.309312816256125
CCSAP,-1.00849733350616
CCT5P1,2.01130968907539
CDC42EP1,0.727174670017511
CDCA4,-0.390955049201738
CDCA7L,0.49973266754989
CDIP1_chr16_4510669_4538828,-0.51624989785137
CDK14,8.34486513298279
CDK16,1.21459010611
CDK2AP2,-0.676751821421533
CDK5RAP1,-0.34397228329747
CDK5RAP2,0.27524558670745
CDKN1A,-0.718063490692991
CDKN1C_chr11_2883213_2885773,-1.65612720093195
CDKN2D,-0.777774989095067
CDR2,0.840208357225242
CDT1,-0.510119178438858
CEBPA,-2.27176185621936
CEBPG,0.99889051136099
CENPBD1,1.64092092042711
CENPM,-0.768580613364905
CENPO,3.25072821221004
CENPP,-8.02229259970331
CEP41,1.02560129801726
CEP89,0.778376354070801
CERK,-0.661030071652682
CERS4,-1.45834214739567
CHAF1A,3.13338550714159
CHDH,-25.1409751477126
CHKA,-0.872072234967382
CHM,-7.92261481739366
CHMP4B,0.343658684270393
CHPT1,-0.80826608973983
CHST14,0.987668281579667
CIB2,-0.70453523902454
CISH,-1.02552260089875
CLBA1,0.785306603771474
CLCF1,0.413000202315962
CLDN15,3.3214139818507
CLSTN3_ML143362.1_57384_86631,-1.15275652604496
CLSTN3_chr12_7129698_7158945,-1.15314175643267
CMTM4,-0.451158595127244
CNIH1,-0.935767834547511
CNIH2,-2.74657332393014
COA8,0.508049788275556
COMMD7,0.302514867677164
COPRS,0.629466771494501
COPS9,-0.548133185178342
COQ2,0.716903276247137
COQ4,0.424000264924145
COX18,-0.715181070352355
CR381653.1,-4.72964968365987
CRACR2A,3.01219184878567
CRIM1_chr2_36355778_36551135,-0.670007260802755
CRIP1,-0.911418504174214
CRTAP,-24.8836797036189
CSF2RA_chrX_1268800_1310381,0.847218272063375
CSF2RA_chrY_1268800_1310381,0.847218272063375
CSNK1G3,1.31173092732092
CSNK2A3,0.513502793452305
CT83,1.08160729214395
CTAGE15_KZ208912.1_191165_193751,1.17178327425994
CTAGE15_chr7_143571801_143574387,1.17178327425994
CTAGE6_KZ208912.1_299410_302017,1.20295340113726
CTAGE6_chr7_143755089_143757696,1.22836994454117
CTAGE8_KZ208913.1_221514_223844,0.982934773896169
CTAGE8_chr7_144266701_144269288,1.04013288017476
CTAGE9,0.883917707441035
CTDNEP1,-0.920253089296047
CTDSP1,-1.24011430293062
CTDSP2,-0.631260500345209
CTDSPL,-0.480681930533393
CTSV,-2.14860986685958
CTTN_ML143359.1_159692_197872,1.34786589820457
CTTN_chr11_70398404_70436584,1.34798290868913
CWF19L2,-10.1712905250147
CXCL1,1.85677457971187
CXCL16,-1.22146198726682
CXCL8,2.01825994311372
CXorf38,-0.625516211903744
CYB5R2,-0.359844052309832
CYP1A1,-0.603424426085457
CYP1B1,1.38659900849935
CYP27A1,-0.633960319304584
DAP3,-0.226346474579281
DAPK2,3.71184561760841
DCAF15_ML143376.1_164333_173290,-0.458605941111075
DCAF15_chr19_13952492_13961449,-0.458605941111075
DCAF6,0.222284084597103
DDB2,-0.642304696631878
DDIT3,1.17369791890584
DDT_chr22_23971365_23979828,-1.34149981224249
DDX11,0.740992418171803
DDX24_KI270847.1_1165482_1195807,0.467926822708895
DDX24_chr14_94048287_94081212,0.45566541923399
DELE1,-0.966851314287884
DENND5A,1.46987947743737
DENND5B-AS1,-9.96640924853411
DENND6A,5.41493744987371
DEPP1,-1.08129807810646
DGAT1_KZ208914.1_45187_57513,-0.930930288273518
DGAT1_chr8_144314584_144326910,-0.930930288273518
DGCR6,-0.642869415641106
DGKD,0.849801450650985
DGUOK,0.363092098480734
DHRS4_KZ208920.1_254713_312739,-2.00269647397819
DLG2,-3.509888704359
DLX6,-1.17430499886409
DMAC1,0.681926801596236
DMAC2,-0.389259085884106
DNAJB5,-0.608291212781332
DNAJC30,0.57940493950651
DOC2A,-1.86049058336548
DPH5,0.513883689618061
DTNB,-3.7709396369429
DUSP1,0.670725663114482
DUSP15,-9.63366185000509
DUSP5,1.70307428227985
DUSP6,1.17811662569319
DUSP9,-0.963550066565333
DUXAP9,3.54455143795523
DYRK1A,-0.51814987868258
E2F2_KQ458383.1_276417_301212,-0.448630555837521
E2F2_chr1_23506438_23531233,-0.568648530882942
EAPP,0.686852901991476
EBLN3P,0.647813956064582
EBPL,-0.651705101768559
EEF1B2P3,-0.511942159441255
EEFSEC_KZ559103.1_22577_277765,-0.809681438889771
EFCAB11,-0.664212666645732
EFHD1,-0.972865828733837
EFNB1,-0.882294792471378
EGLN2,0.866349320924942
EGLN3,-1.10023388164139
EIF1B,0.606382920463919
EIF2AK1,0.367384926053939
EIF4A1P10,0.822799832382972
EIF4A1P2,1.05453913557246
EIF4EBP2,-0.928664167568067
ELF2,-1.93485959723032
ELMOD1,-4.58550625519216
EMC10,-13.8894152451367
EMP2,0.352529045934511
ENSA,0.874298029105129
ENSAP2,1.23778644146873
ENTR1,0.591519855689999
EPB41L4B,-1.25172999740988
ERBB3,-0.729175276004058
ERFE,-2.17050667848682
ESPL1,-0.818580532166524
ETFRF1,1.01326214987494
EXOC3-AS1,1.49980639112836
EXTL3,1.2375196197054
F11-AS1,5.92168414115029
F2R,-0.929042474332811
F2RL2,-1.75245387392358
F3,1.64001988202045
FAAP100,-4.76572958781056
FAM106C,3.16574804253183
FAM120AOS,0.438136048530317
FAM122B,0.524124648076106
FAM160B1,-1.11234634335065
FAM184A,3.99149948094664
FAM210B,0.91119626465199
FAM222B,-0.621472637462507
FAM27C,1.0520360698899
FAM32A,1.09624601227269
FANCF,1.1037123792056
FASTKD1,6.24844174685665
FBXO11,1.1039303691961
FBXO38,0.574698182304312
FBXO45,0.833107628666475
FCF1,-0.949650459406206
FCMR,0.986993970550035
FER1L4,-5.14574212279451
FIP1L1,0.978625136016694
FMC1,1.25520977356903
FOPNL_KI270853.1_1523719_1546626,1.49902727245599
FOPNL_chr16_15865719_15888625,1.27018070805826
FOSL1,1.65023794008466
FOXA1,0.199228709542502
FOXD3-AS1,-0.606344227917852
FOXO1B,-4.93942669549632
FOXP4,1.81904200575253
FP565260.1,0.554423943914115
FRAT2,0.829580419012545
FRMD8,-0.869392855997575
FSD1,-1.10195195109877
FSTL3,-0.972914274903591
FTH1P10,-0.982627069210889
FTH1P12,-0.969260123140396
FTH1P23,-1.0612592168422
FTH1P7,-0.988302567835493
FTH1P8,-1.21659746264689
FUCA1,-1.09127874280734
FUCA2,0.857841785315413
FURIN,-0.683681134979901
FUT2,4.90302159273651
FXYD6,-1.10904285873222
GADD45B,-0.369912202073631
GALNT18,-1.41455065218689
GARNL3,-4.44311856466382
GATD1,-0.918502089688296
GCNT2_KZ208911.1_3107_140252,0.610743474139181
GCNT2_chr6_10492223_10629368,0.620784460135873
GDE1,-0.656706472431232
GDPGP1,-2.15458974812651
GGT7,-1.08000186630429
GIHCG_chr12_57930115_57936345,0.649076633074987
GJD3,1.03090572529507
GLIDR,1.05000881894648
GNG4,-0.648820290505108
GNGT1,1.47030456459417
GPBP1L1,0.59412659221118
GPC2,-6.27429540585256
GPCPD1,5.24684663453611
GPI_KI270866.1_8674_30733,-0.691334611469883
GPR135,-5.47379777575936
GPR137C,-11.6450039322366
GPR27,0.945640949800114
GPRC5A,-1.1227818624657
GPSM2,6.9641338819281
GPT2,0.766202160562592
GRAMD1B,0.754957461551405
GREB1L,5.306134452046
GRIPAP1,0.674930230528288
GSTM4,-0.553393062257581
GSTT2B_chr22_23957414_23961186,-7.87501117661531
GTF3A,1.22701629996895
GTF3C6,0.778273360275806
GTSE1-DT,1.41717007248557
GUCD1,0.7366430212321
GULP1,-1.34327592176917
GXYLT2,-4.0315352239086
H2AJ,0.742989221904274
H2AZ2,-0.390553591657041
H3C12,-1.47260237450699
H4C9,3.40013036781435
HAPLN3,-1.20295600103542
HAS3,-0.846726454031861
HCG11,0.813152835677742
HDAC11,-0.760058467017754
HECTD2,-3.61819094187287
HES1,-0.998809564572254
HGSNAT,-0.89285745774791
HIGD2A,-0.460654833584466
HIPK1,0.305730913420423
HIPK3,-0.596795371052418
HIRA,-0.273351358380746
HLA-DPA1_GL000251.2_4476420_4492625,-2.27189448680029
HLA-DQB1_chr6_32659467_32668383,-0.9847420367475
HLA-F_GL000251.2_1206635_1222378,-3.60731617274967
HLA-F_GL000252.2_985849_1001601,-4.10147908791964
HLA-F_GL000253.2_985437_1001192,-4.07887389072778
HLA-F_GL000254.2_985480_988541,-2.71103835908047
HLA-F_GL000255.2_985815_1001571,-4.05969058175476
HLA-F_GL000256.2_1029074_1044770,-3.92330794116907
HLA-F_chr6_29722775_29738528,-4.21140139867445
HMCES,-0.270516927810071
HMGXB3,0.523241304868356
HNF1B_KI270857.1_1925499_1984303,-0.438434589232709
HNF1B_chr17_37686431_37745105,-0.511933324570226
HOXA1,0.640928540233194
HOXB-AS3,1.37001929458993
HOXB7,0.674445149722472
HOXC-AS2,1.34119197113861
HOXC10,0.889584631850215
HP,-8.60271180016419
HPS4,1.10274338893884
HS6ST1P1,-0.790009962040034
HSF4,-4.02814648145235
HSPD1P6,1.52362540349686
HTRA1,-0.880506481960436
ICA1,0.534500715859023
ICAM5,-1.02993266372054
IER5L,-1.28122285580083
IFI27L1_KI270847.1_1195844_1218408,-0.622314596272747
IFI27L1_chr14_94081301_94103846,-0.634434334230172
IFITM2,-0.887166010567785
IFT22,0.286065357491826
IFT88,4.64783044096428
IGFBP3,1.2159785299992
IGFBP6,0.84513656674921
IGFBPL1,1.44389198597192
IKBKG,0.856114314239907
IKBKGP1,0.711449748877168
IL13RA1,-0.409495576005187
IL24,1.06667633979023
IL31RA,0.940984368942531
ILF3-DT,1.21075445446098
IMMTP1,-8.0075226719443
INAFM2,-0.768049056165532
INMT-MINDY4,5.76157906927862
IRAK2,1.00425678724708
ISCA2,-0.660338019217481
ISCU,-0.60073374433744
ITFG2,3.68731009202068
ITPKA,-1.13863030718761
JAGN1,-0.399977537570272
JKAMP,-0.775219839019438
JMY,1.09512307878786
JOSD1,0.761308698979297
KAT8,-0.185878667857442
KBTBD4_chr11_47572197_47578976,-0.460902592738504
KCNF1,1.58238159443968
KCNK15-AS1,-1.34323204470482
KCNK3,0.93824105640451
KCNN1,-0.963560955810176
KCNQ1_KI270831.1_1031_81275,-9.31985614733325
KCNS3,0.681107178603576
KCTD14,-0.631417271242494
KCTD5,0.95812111494491
KDM5C,0.665167174598188
KDM7A-DT,0.558992212895948
KIAA1671,13.263822741294
KIFC3,0.709496886240614
KLHDC10,1.06685827415045
KLHL36,-0.732038907720593
KMT5C,-1.10819509535027
KREMEN1,-1.0642509345925
KREMEN2,-10.6612883555449
KRT18P17,5.64352249343804
KRT18P39,5.10130649197052
KRTAP2-3_JH159146.1_208738_209612,4.79070012210463
KRTAP2-3_chr17_41059240_41060114,4.79070012210463
LAGE3,-0.619176346183079
LAMA1,1.48829236697678
LAMC2,0.895782792549446
LAPTM4B,-0.324574211277553
LATS2,0.731985314889019
LCMT2,0.463060753436297
LDHAP7,-1.35499367930963
LDHA_ML143360.1_146012_159877,-1.11324111609165
LDHA_chr11_18394560_18408425,-1.11338120461745
LEPROT,-0.551447083397847
LFNG,-10.3767151081554
LGALS8,3.86011784784882
LGR4,-0.581482419720113
LHPP,-1.12752220334618
LIMK1,0.933381245660392
LIN9,-11.3015902803801
LINC00857,1.1094580429525
LINC01003,0.874248208921865
LINC01311,1.20484035247048
LINC01492,-1.38746732517508
LINC01963,1.2116106959881
LINC02577,0.948782312925066
LINC02814,1.78805022857297
LINP1,0.552359233086007
LIPG,2.78448232277037
LMBR1L,-1.04462757001469
LONP2,0.563923431816069
LOXL1,-6.49672298108739
LRATD2,0.41062903002535
LRRC8E,-0.552153369673401
LSM14A_GL383574.1_20188_77063,0.490729501869769
LTO1,0.650485785686453
LUC7L2,0.905415850281805
LYRM9,-5.12179567430106
MAFA,-1.77584025597969
MAFF,0.897955708165027
MAGEF1,0.712043838745044
MAN1B1-DT,1.18526289506035
MAP3K13,-0.426976547488934
MAP3K3,-0.747422287249112
MAPK6,0.737447974006697
MAPK7,-0.69904321732065
MAPKAP1,0.485522597887152
MARCHF9,-1.28157931843558
MAZ,0.956380403440271
MBD6,0.952835361144514
MBNL2,-1.098237582464
MCCC2_GL339449.2_1585782_1602953,0.747234522781023
MCCC2_KI270897.1_1117263_1134443,0.742779052311127
MCCC2_chr5_71587288_71658706,0.566267635343788
MCPH1,-25.658673955239
MDC1_GL000256.2_2000593_2018675,0.593711311040499
MDK,-0.988023711381646
MDP1_KZ208920.1_514921_517048,-1.49331688608774
MED11,1.08446768265193
MED16_KI270868.1_46856_60469,-0.796504656091577
MED27,-0.521797668337686
MED8-AS1,4.88489450346894
METTL2A,0.421961356031716
MEX3A,0.923936180194644
MFHAS1_chr8_8783354_8893630,0.826938343500422
MFN1,1.06131018135622
MICA_GL000253.2_2708377_2724826,-0.453277571889585
MICA_GL000255.2_2655411_2671966,-0.964261155307936
MICB_GL000250.2_2827449_2843674,-1.07048218810476
MICB_GL000251.2_2975426_2988464,-1.09368230679426
MICB_GL000252.2_2745694_2758910,-1.30753320523123
MICB_GL000254.2_2840040_2853071,-1.09719235460435
MICB_GL000255.2_2753986_2767002,-1.55105598587204
MICB_GL000256.2_2797381_2810410,-1.25048025088561
MICB_chr6_31494881_31511124,-1.00598165550953
MICOS13,-0.934933181212369
MIEF1,0.660720483387964
MIEF2_KV766198.1_20971_26926,-0.771534008339908
MIEF2_chr17_18260597_18266552,-0.771534008339908
MIR210HG_KI270832.1_95315_98112,-1.68749011877067
MIR210HG_chr11_565660_568457,-1.48119731491538
MIR3610,-6.85885028358327
MIR3936HG,0.967971153145247
MIR6807,2.93821904856174
MITD1,1.83105032495752
MKNK1,-1.10322649825571
MKNK2,1.0469572145556
MLH1,0.968869944505889
MLST8,-0.750999352168133
MLXIPL,-0.615827369540346
MLYCD,1.07857179143398
MMD,-1.6921468316331
MPHOSPH8,0.815004939183374
MPND,-3.18814515418943
MPP2,0.668037568957253
MPV17L2,-0.545383532695154
MREG,-0.831485301904657
MRFAP1,0.976884392358536
MRFAP1L1,0.908487148060302
MRM1_KI270857.1_837066_844472,1.39083689307572
MRM1_chr17_36601583_36608964,1.3546184267688
MRPL57,0.396591324695844
MRPS24,-1.0239250591312
MRPS34,1.38335284746703
MRS2,-1.14232945534346
MSANTD4,1.74873870704257
MSL2,0.428714006283732
MSRB3,1.03226212942736
MSTRG.10403,-26.894754133487
MSTRG.10650,0.530704047706462
MSTRG.11276,-3.35140754082867
MSTRG.1144,-9.26098038396641
MSTRG.11630,-28.5893902845006
MSTRG.11729,1.65252529108532
MSTRG.12217,-4.73121716916614
MSTRG.12320,-6.69706885904921
MSTRG.14381,1.23844276507646
MSTRG.14388,-24.4854243718307
MSTRG.14394,-6.07205389583118
MSTRG.144,-0.999290742797666
MSTRG.14461,-4.49972861739221
MSTRG.14738,-1.03930663830091
MSTRG.15061,1.5688269149985
MSTRG.15452,0.867627420033532
MSTRG.15588,-5.23323756653947
MSTRG.16255,-0.63765456182702
MSTRG.16887,-9.9721593910683
MSTRG.18183,-1.39158712812333
MSTRG.1819,0.894125520745776
MSTRG.18311,-1.60160374382507
MSTRG.18541,-1.28903399736552
MSTRG.18754,-23.630794348593
MSTRG.19149,-0.747777051862456
MSTRG.19206,-4.30932798122656
MSTRG.19618,-0.998049368455079
MSTRG.19628,-0.654013016781443
MSTRG.19645,2.75300532977807
MSTRG.20536,2.51252577260751
MSTRG.20563,-4.6764666775901
MSTRG.2081,-1.35402037868137
MSTRG.2112,0.55453011989326
MSTRG.21919,-26.1036848023102
MSTRG.21931,-0.658368357721476
MSTRG.2251,-0.647822509560716
MSTRG.22708,1.87305976777439
MSTRG.23078,-1.08630101804595
MSTRG.23132,0.901067514736758
MSTRG.23431,3.31601109741745
MSTRG.23432,2.21070311895586
MSTRG.23788,2.12090936907872
MSTRG.23854,-0.707161619355701
MSTRG.23985,-1.19246641008092
MSTRG.2400,-26.9600059142726
MSTRG.24888,1.10749122217065
MSTRG.25549,-2.99230924345445
MSTRG.2568,-0.521944539472246
MSTRG.27796,1.30800748521641
MSTRG.28632,-1.70086900514185
MSTRG.29404,-0.916993198215467
MSTRG.29805,-1.24708200105905
MSTRG.2991,-0.539197738404684
MSTRG.29999,0.703885744857751
MSTRG.3,0.785737846744253
MSTRG.30038,0.976846505115991
MSTRG.30210,0.679520327172511
MSTRG.30898,-10.2784563070134
MSTRG.33035,1.65793758120918
MSTRG.33080,-1.32012454205115
MSTRG.33995,10.1557140089114
MSTRG.34354,1.99121000670402
MSTRG.34394,1.15769257550206
MSTRG.34416,-5.86378690620952
MSTRG.34460,-5.56516344677788
MSTRG.34649,1.07428714623086
MSTRG.34669,1.15419685264543
MSTRG.3602,1.45637562149396
MSTRG.36081,1.33068001337631
MSTRG.418,-1.08922782591067
MSTRG.4183,-6.59395856620752
MSTRG.4647,0.543919869062508
MSTRG.4691,-24.5910931597858
MSTRG.5276,1.72748192228777
MSTRG.5976,-11.118516685168
MSTRG.6180,3.48300133265459
MSTRG.6182,1.48470769554514
MSTRG.7799,-1.61798414189986
MSTRG.7833,-3.8813113157301
MSTRG.7885,-0.826180812683169
MSTRG.8040,1.52331117896988
MSTRG.901,-0.758957830688716
MSTRG.9810,-0.709771204613311
MSX2,-0.844383255294443
MT1L,0.757568209463914
MTMR4,-0.498315141500467
MUS81,0.717329890414197
N6AMT1,-0.688950851171924
NAAA,0.91388602279066
NADK,-0.664111740664793
NAGPA,-0.623001618438197
NAMPTP1,0.653604039535436
NANOS1,-1.29698917190697
NBDY,0.507155760143481
NCBP2AS2,1.30163084979397
NCOA3,-0.700345289303491
NCOA4,-0.648312126879518
NDEL1,-0.559105438973956
NDST1,-0.559734162460422
NDUFA3_GL949746.1_77273_81393,-0.65302112955769
NDUFA3_GL949747.2_77273_81393,-0.646196032787421
NDUFA3_GL949748.2_77273_81393,-0.65302112955769
NDUFA3_GL949749.2_77273_81393,-0.65302112955769
NDUFA3_GL949750.2_77273_81393,-0.65302112955769
NDUFA3_GL949751.2_77273_81393,-0.65302112955769
NDUFA3_GL949752.1_77273_81393,-0.646196032787421
NDUFA3_GL949753.2_77273_81393,-0.65302112955769
NDUFA3_KI270938.1_77149_83146,-0.575428188965358
NDUFA3_chr19_54102728_54109257,-0.558055937299813
NECAB3,-1.20666297483948
NENF,0.426318426276583
NFKBIB_KQ458386.1_309372_318565,1.75054581802446
NFKBIB_chr19_38899700_38908893,1.75030536131313
NGF,1.2591693454999
NHLRC1,1.75386801241396
NID1,-0.903239639401287
NID2,-8.78708610166496
NKX3-2,-2.15863687125951
NMB,-0.800199540417338
NME1-NME2,-1.42873178691148
NME2,-0.31646807519846
NMNAT1,0.616146500088743
NOL12,1.07761127352345
NOL4L,-2.03292546130611
NOL6,1.28406992668357
NOP10,0.775779680206518
NORAD,0.555918080486411
NOTCH3,-1.12720792834865
NPRL2,-0.525823590340204
NPTXR,-0.914582405371552
NR0B1,1.45988769924423
NRARP,-0.645831088865137
NRAV,1.04080295693594
NRTN,-1.66171473509299
NSMCE3_KI270905.1_1543700_1545380,0.427275195251854
NSMCE3_chr15_29264989_29269822,0.422559952367679
NTHL1,-0.827849872348949
NTN4,1.54424874714981
NTNG2,-1.89305354289382
NUDT16L1,-0.926211981933036
NUP214,6.84714523737781
NUS1,9.92983803094728
NXPH4,-1.69020777761265
NXT1,0.551471787093668
OLFML2B,-6.72640405135306
ORC2,6.66841823149784
OTUD3,-9.32183447998878
OVCH1-AS1,0.957850712309171
OXCT2,1.09961643501421
OXCT2P1,1.71665639414278
OXSM,-0.360872358538886
P2RX5-TAX1BP3,1.10372469980954
P3H2,0.550656862541936
PADI2,-0.701140013372756
PAM,-0.38427132496342
PANK4_KI270762.1_59723_77790,-0.690853879862805
PANK4_chr1_2508537_2526597,-0.690605740385618
PANO1,1.75205036804296
PAOX,-10.5276796541866
PAPLN,-9.18481840873011
PARD3B,-6.59698564199029
PAXIP1-AS1,0.952438775174102
PBX3,-0.384312364032781
PCDHB2,0.891632097448089
PCDHB5,1.23500028351538
PCNX3,1.56643887944087
PCOLCE2,-1.00107414575262
PDCD7,0.808924276255229
PDE4DIP,0.464057569547273
PDIA3P1,0.565260268852627
PDK2,-0.987794221125235
PDP1,1.00257508963816
PDP2,-0.486142797620066
PDXP,0.889061823756884
PDZD7,-2.80683387999038
PECR,0.60164565487847
PER1,-0.954199291873726
PERP,1.25391400523538
PEX7,-0.957307988421529
PFKFB4,-1.70433966272071
PGF,-0.942167810735324
PGM5P2,1.51759251552272
PHC2,0.630779671946152
PHETA1,1.01903056935823
PHF12,0.828073218087554
PHF21A,0.526613665920422
PHLDA3,-0.797909910990439
PHPT1,-1.68050337549771
PI4KAP1,-3.83665563327888
PIDD1,-0.984657329337085
PIGM,0.795603008868631
PIK3IP1,-3.06914899324068
PIK3R1,4.84724374078317
PIK3R2,-0.665776820178869
PIK3R3,-1.47445113409613
PIMREG,-1.02785346494943
PITPNB,8.46797013480931
PKNOX1,-0.585859489021371
PLA2G6,3.56139276795019
PLAAT4,-0.538206512002655
PLAGL2,-0.452784571044009
PLEKHA2,9.92369637937532
PLEKHB2,1.10742500794054
PLEKHJ1,0.825116608742438
PLEKHM1_GL000258.2_126335_181190,0.960193672221405
PLEKHM1_KI270908.1_126405_180904,0.873874600754509
PLEKHM1_chr17_45435900_45490749,0.870238220048957
PLEKHM2,1.05478745498731
PLEKHO1,-0.463551344428097
PLPP6,1.05496593754121
PLPPR2,-1.06408132239525
PMF1,-0.700114974260559
PODXL2,0.816179555335323
POLR2A_KV575245.1_104823_135071,-0.463656980064578
POLR2A_chr17_7484366_7514616,-0.464538200294609
POLR3K,-0.518183752790146
POM121,1.3399174633771
POMT1,-0.504878269873216
PPARG,0.638325737646089
PPFIA4,-3.8086731313506
PPP1R11_GL000250.2_1324801_1328425,0.469789872860396
PPP1R11_GL000251.2_1546480_1550104,0.470005836312629
PPP1R11_GL000252.2_1322625_1326249,0.470005836312629
PPP1R11_GL000253.2_1327458_1331083,0.52514208774307
PPP1R11_GL000254.2_1410799_1414423,0.468822910492275
PPP1R11_chr6_30066709_30070333,0.456203225495867
PPP1R14BP2,2.12372959301681
PPP1R14BP3,1.41879204150456
PPP1R14C,-10.4972378941604
PPP1R15A,1.73536429074633
PPP1R18_GL000251.2_2156133_2167639,1.84583264695635
PPP1R18_GL000253.2_1986642_1998148,1.87323371581203
PPP1R18_GL000254.2_2020466_2031972,1.87323371581203
PPP1R18_GL000255.2_1931503_1943009,1.86148496622682
PPRC1,0.686131451884568
PPT2_GL000251.2_3591780_3602032,-1.03429700753948
PPT2_GL000252.2_3394806_3399697,-0.893099316070929
PPT2_GL000254.2_3495456_3513999,-1.008369836088
PPT2_GL000255.2_3376635_3386881,-1.01703446624601
PPT2_chr6_32153441_32163678,-1.01437941725895
PRAME_KI270875.1_183358_195018,0.458389098671186
PRAME_chr22_22547701_22559361,0.493182478548629
PRELID2,-1.26579911038775
PRKACA_ML143376.1_303847_330243,-1.03580097145557
PRKACA_chr19_14091688_14118084,-1.03554049685462
PRKRIP1,0.557936928289124
PRMT6,1.32904151118262
PROSER1,1.32492099550798
PRPF38A,-0.926368990148086
PRR19,-1.06434817841383
PRRX2,-0.740799498159373
PRXL2B_KI270762.1_137681_142659,-0.973236739618395
PRXL2B_chr1_2586491_2591469,-0.973057920231277
PSMB8-AS1,4.11953612358946
PSMB8_GL000250.2_4145582_4149568,0.295446418173583
PSMB8_GL000251.2_4252915_4256902,0.295446418173583
PSMB8_GL000253.2_4260070_4264056,0.295446418173583
PSMB8_GL000254.2_4139786_4143772,0.295446418173583
PSMB8_GL000255.2_4035005_4038991,0.295446418173583
PSMB8_GL000256.2_4239969_4243903,0.297374152948159
PTDSS2_KI270832.1_3536_21040,-0.607758542866607
PTENP1,-1.96420227499401
PTEN_chr10_87863625_87971930,-4.74977627676019
PTPN14,-1.10480389991007
PTPN3,-1.65571903628098
PVT1,0.81358236990675
PWP2,0.432227348758952
PWWP3A,0.791953987685237
PXK,-0.463452600141632
R3HCC1,1.24210249599578
RAB15,-0.78965782779483
RAB20,-0.83412471734926
RAB2B,-0.445296023712399
RAB3A,-0.92093381790461
RAB43,-25.0174766872374
RAB5C,0.310317162240491
RABGGTA_KZ208920.1_566516_572717,-0.594600679015902
RABGGTA_chr14_24265538_24271739,-0.594600679015902
RAC1,1.17338809187438
RAC1P2,0.898183542755136
RAC3,-0.94198876403132
RAET1G,-0.894915791627108
RANBP10,-0.401365873065627
RAPGEF1,1.29571359124819
RASSF1,-0.76328223982945
RASSF4,-1.02238545339231
RBM15B,0.927762808366454
RBMXP2,1.66396023040857
RBPMS,-0.862251388475962
RCC2_KN538361.1_251983_284900,0.54113015752717
RCC2_chr1_17406760_17439677,0.541105694311019
RFLNB_KV766196.1_37341_43302,4.50463668004457
RFX7,-0.975683724271294
RGL3,-1.1900694098508
RHBDD2,-0.555262492940825
RHEBP1,-1.01226145428247
RILPL2,0.411184898001597
RIMBP3,1.0925391309989
RIOK1,0.651879169064836
RNASEH1-AS1,0.751527002316632
RNASEH2C,-0.906195971270768
RNASET2,-0.655662073402108
RND2,-1.02397605104163
RNF135,0.673196759239428
RNF141,-1.0019938364619
RNF4,-1.10906599722105
RNF5_GL000251.2_3616712_3619145,-0.637367012336162
RNF6,0.934053326524495
RNPS1P1,0.923218887819306
ROGDI,-1.40227786038752
RPL12,-0.464047543749203
RPL14P1,-0.340646488343366
RPL19,-0.215492088139096
RPL22L1,1.65064932890793
RPL26L1,1.7707981102232
RPL26P30,1.79741142414362
RPL29,-0.659204101710871
RPL29P11,-0.626200596282823
RPL39L,-0.882734335662089
RPP21_GL000250.2_1658802_1676380,-0.526066601174322
RPP21_GL000252.2_1585152_1602730,-0.522309205394342
RPP21_GL000255.2_1584387_1601966,-0.659999416547051
RPS15,-0.579947579178763
RPS16,-0.322819649716369
RPS28,-0.384073523515597
RPUSD1,0.790000426558855
RRAD,-1.42572581790264
RSAD1,0.59693061209775
RSRP1,-1.36768222923911
RTL8A,0.873111942427551
RTN2,-0.903901643655174
RTN4RL2,-1.15048067719917
RUBCN,0.416086715440529
RUSC1,-1.14475240126857
RYK,-1.14707897594349
S100A11,1.51772632832691
S100A4,-0.859764107570369
S1PR3,-1.26014697822189
SAMD14,-1.83091791287887
SARS2_KQ458386.1_324938_340568,-0.773323756147245
SARS2_chr19_38915266_38930763,-0.772961989373996
SBDSP1,1.32200392649381
SBF2,5.48562014086089
SCAMP1-AS1,0.692740525498689
SCAMP5,-0.934283696286505
SCN1B,-0.675229357789182
SDHAF1,0.634925499435403
SEC14L1,-0.870741768357127
SECTM1,-1.22009384692719
SELENOH,0.347410139407711
SELENOM,-0.673617780716906
SEMA4F,-0.532121163779304
SENP5,-0.64139398675883
SERINC5,-9.31711883400145
SERTAD3,-0.371415225040802
SETD5,0.779508057854243
SFTA1P,1.88761228191078
SGCB,-0.584671229658861
SGK1,1.04466192327033
SGSM3,-1.17839528674151
SH2B1,1.1370705265341
SH2D3C,-5.97742807410535
SH3D21,-11.1836796825383
SHISA4,-1.58685629567139
SIDT2,-0.956404873463912
SIRPA,-0.842738932144625
SLC10A3,-0.630701144269663
SLC11A2,-0.790032811931094
SLC12A2,-8.14928694250607
SLC16A2,-1.32310015701396
SLC25A15,0.60682434397308
SLC25A23,-0.663524085935278
SLC25A39,-0.647810803028289
SLC2A11_KI270879.1_93065_122671,2.38319488657396
SLC2A11_chr22_23856703_23886309,2.36720338345898
SLC2A12,-5.70518516033544
SLC2A6_KN196479.1_297188_305221,-0.749850149188091
SLC2A6_chr9_133471094_133479127,-0.749850149188091
SLC2A8,-1.11409207312995
SLC31A1,-0.438425067533557
SLC33A1,0.817268277341294
SLC35B3,0.640625553715223
SLC35D2,-0.593531840289601
SLC35F1,-0.622688077582396
SLC35F5,-0.786957022842119
SLC37A3,0.304625698455774
SLC37A4_chr11_119024114_119030906,-0.622058489732989
SLC39A10,-1.08589630304804
SLC39A6,-1.03006583098504
SLC39A7_GL000251.2_4611950_4615944,0.670087529481149
SLC39A7_GL000252.2_4443944_4447938,0.670087529481149
SLC39A7_GL000253.2_4619918_4623912,0.670087529481149
SLC39A7_GL000254.2_4636398_4640392,0.670087529481149
SLC39A7_GL000255.2_4394849_4398843,0.66983775358924
SLC39A7_chr6_33200445_33204439,0.667215779493795
SLC41A1,-0.590455591780595
SLC43A2_KI270861.1_1_58914,-0.840642145887633
SLC43A2_chr17_1569268_1628886,-0.827155124897418
SLC44A2,-0.547139439424872
SLC44A3-AS1,-4.78401781830726
SLC46A1,-0.637647748014162
SLC4A1AP,9.13990444602643
SLC66A3,-0.878441066297416
SLC6A3_KI270791.1_64343_121219,-4.85741851629319
SLC6A3_chr5_1392794_1445440,-4.85741851629319
SLCO4A1,-1.11503134223928
SLX4,5.99063360675175
SMAD5,-0.403404463372774
SMAD6,-2.15293464229158
SMARCD3,-0.891176101390675
SMCR8_KV766198.1_75667_88430,0.886715894971436
SMCR8_chr17_18315293_18328056,0.889031969118486
SMIM12,0.260227515190232
SMIM13,-0.887204481232756
SMIM3,-1.47112755350456
SMOX,1.11527551942691
SMYD2,-1.86689186696976
SNCG,1.19932008607448
SNHG1,1.32558966570915
SNHG16,-1.17633038164615
SNHG17,1.23687353907103
SNHG26,2.28731597151388
SNHG3,1.05357577493938
SNHG30,0.942858400967514
SNX19,0.71724220515372
SNX21,-1.05933363487306
SOCS2-AS1,0.837569332891172
SOCS3,-1.44748017642443
SOCS4,0.665740589479909
SOD2_chr6_159669069_159745186,0.872618755349447
SORT1,-0.543197141428498
SPAG5,-6.27979777362123
SPAG6,0.962280614366018
SPATA2,-0.892608697614892
SPINDOC,1.06199134552185
SPINK2,-1.23185875953522
SPIRE1,0.550168636463725
SPOP,0.698698074734036
SPPL2A,-0.724821357854821
SPPL3,-0.284882354840392
SPRED3,-0.637630319313812
SRF,0.635577739278498
SRGAP2B,0.810844076582485
SRGAP2C,0.638928720312671
SS18,-0.743989735036624
ST13P15,-2.64537872364501
ST3GAL2,-0.663085677712741
ST3GAL4,-0.469093763532576
ST3GAL6,1.14241949364095
ST6GALNAC4,-1.74695683503638
ST7,10.5416145143113
STK38,1.11344157065428
STX17,7.2425616251771
SUGCT,0.518981092007664
SUMF1,-1.92480856995082
SUMO3,0.270364849153466
SVIL-AS1,-0.349859668324058
SYDE1,-0.90111342354076
SYNE1,4.64337595387575
SYNGR1,-0.657539696390638
SYNJ2BP,0.876484976495293
SYTL2,2.76648141005261
TADA2B,1.17155909062312
TAF15_KI270857.1_43987_99147,0.498530403347978
TAF15_chr17_35713791_35864615,0.513731258244139
TAF4_KI270869.1_64040_118774,-0.503940707517622
TAF4_chr20_61953469_62065810,-0.474449700330636
TAGLN,1.45886536628881
TAMM41_JH636055.2_141500_171339,1.31071416770446
TAMM41_chr3_11790442_11846919,1.02470244640055
TASOR2,4.74691097604313
TATDN2,0.662168163308959
TBC1D14,-0.431636543602981
TBC1D25,-0.556611782390356
TBC1D7,-1.02092362687123
TBC1D8,-0.739130551779189
TBC1D9,0.890842144340303
TBC1D9B_KV575244.1_627626_672566,3.30967822597246
TBRG1,0.778569634392858
TCF3,1.27546560079358
TCTN1,2.02664562115592
TEAD4,0.502661319941597
TESC,0.592045565218899
TET2,-7.23952351813636
TFR2,-6.56309666657483
TGFBR2,-0.595536034480401
TGIF2,0.731399670679019
THAP12P7,1.06486371456946
THAP7-AS1,1.32590486669085
TIMP2,-1.90203849499953
TLCD3A,-0.692858354439584
TLE5,1.07609778837332
TLE6,-0.512487075233441
TM2D2,-1.07696798156537
TM4SF1,0.798077750412443
TMBIM1,-0.522985882486702
TMBIM6,-0.367766837439697
TMEM121B,-1.48694556401528
TMEM147-AS1,0.833531160116485
TMEM14C_KZ208911.1_233799_242013,-0.682579674649048
TMEM14C_chr6_10722915_10731129,-0.616815438522964
TMEM167A,0.698336599255487
TMEM170A,-1.26258718297676
TMEM186,0.487651241437574
TMEM189,-0.728259548052925
TMEM216,0.89220488645059
TMEM222,-0.644540462856681
TMEM241,-0.400500012936059
TMEM251_KI270847.1_299513_301651,0.650503794727438
TMEM251_chr14_93184951_93187089,0.719188612894279
TMEM254-AS1,-6.26886426802275
TMEM38B,0.704944460691584
TMEM53,-1.2188679706781
TMEM98,0.460950193018629
TNFAIP3,0.823375379383165
TNFAIP8L1,-0.914249529641269
TNFRSF10D,-1.52470250693834
TNFRSF12A,0.653462048395022
TOP1MT,1.31546939321327
TOR3A,1.09212432047027
TP53I11,-1.02137329891246
TPPP3,-2.24340789498735
TPST1,-0.550342788606449
TPST2,-0.597453905503514
TRAPPC12_chr2_3379675_3485094,0.715751562301529
TREML3P,4.75048921434561
TRIB3,1.79344167742744
TRIM11,0.587437451869903
TRIM26_GL000250.2_1442506_1471482,0.882900119552437
TRIM26_GL000252.2_1440327_1469303,0.882900119552437
TRIM26_GL000254.2_1528484_1557367,0.826134043496268
TRIM26_GL000255.2_1439551_1468529,0.883464620048514
TRIM26_GL000256.2_1483342_1512318,0.822894348014968
TRIM26_chr6_30184455_30213427,0.886794893880848
TRIM4,0.27218647732558
TRIM44,0.387675813188016
TRIM8,0.799365156874933
TRIP6,1.52913817898026
TSC22D2,1.07030373676778
TSEN34_GL949746.1_164735_169332,-0.970173156587957
TSEN34_GL949747.2_165233_169508,-1.5056488350044
TSEN34_GL949748.2_165233_169508,-1.5056488350044
TSEN34_GL949749.2_165233_169508,-1.5056488350044
TSEN34_GL949750.2_165233_169508,-1.5056488350044
TSEN34_GL949751.2_165233_169508,-1.5056488350044
TSEN34_GL949752.1_164902_169499,-0.969093388371631
TSEN34_GL949753.2_165233_169508,-1.5056488350044
TSEN34_KI270938.1_164903_168699,-0.920709099151625
TSEN34_chr19_54189938_54194536,-0.991718062499505
TSPAN15,-0.513427470976631
TSPYL4,0.741974051202114
TTC16,1.59227869637825
TTC38,-1.21851016219152
TTC39C,-0.901441136364127
TTC9C,0.505900730833561
TTLL4,-0.614107928069291
TTPAL,0.917809829285373
TTYH3,-0.955981893594384
TUBB2A,-1.11432583180851
TUBB2B,-0.95253342024668
TUBB4A,-1.17737196747276
TUBG1,-0.659842455720592
TUG1,0.835670950283866
TULP3,-0.395066879254887
TWNK,0.636264657291348
TXNDC5,4.46832158426252
U2AF1,0.813895331288283
U2AF1L5,0.815643377765229
UBE2E3,-1.94413834083529
UBE3B,-0.348430578590135
UBN1,1.22382986462173
UBP1,1.79541521579685
UBTD2,-1.08012546681103
UCK2,-3.50877225122614
UCKL1,-3.45790856063021
UIMC1,0.911373073550284
UNC119,-0.600663125801771
UQCC3,0.864697614531719
UQCR11,-0.305232656540434
URB1-AS1,0.925802528238655
USB1,-0.865083941887692
USF1,-0.310805116752328
USP11,0.50185847854562
USP12,-0.780773472907233
USP32,0.507921167772736
USP33,-0.637622114151652
UXS1,-0.459596958998049
VAMP3,-0.616584167981493
VANGL1,0.462817044766922
VCPKMT,-1.21252514188081
VDAC2,-1.25003074444775
VEGFB,-0.698114412006512
VKORC1L1,-0.245423919040169
VMP1,-0.440919606839742
VPS28_KZ208914.1_154203_159165,-0.756745336433295
VPS28_chr8_144423601_144428563,-0.68300947938323
VPS41,0.797987119560522
VRK3,-0.887527117190088
VSIG10L,-9.87576929144394
VWA1,-1.72861904095106
WASH8P_GL877875.1_4522_22015,0.856970571747985
WASH8P_chr12_14522_32015,0.856970571747985
WBP1L,0.562214023652794
WBP2NL,-1.06749517852664
WDR45,0.779057412064753
WDR46_GL000255.2_4473528_4483951,7.45621643496801
WDR59,-0.617187634635347
WDR5B,0.674437856249362
WFDC2,-0.931925429727316
WIPI2,1.05905845762075
YAF2,1.02028494407184
YDJC,0.7094197506199
YPEL3,-1.06023511614699
Z95115.1,1.07631010305451
Z98885.3,-4.62831914339027
ZBTB11,10.315969785544
ZBTB12_GL000251.2_3377032_3379417,0.997891712412771
ZBTB12_GL000252.2_3147381_3149766,0.997891712412771
ZBTB17,0.825518571392257
ZBTB4_KV575245.1_79823_104720,0.777218030414524
ZBTB4_chr17_7459366_7484263,0.777091174557185
ZCCHC3,0.857606487962404
ZDHHC16,1.56787623396756
ZDHHC2,-0.809004198926157
ZDHHC20,-0.642963382705957
ZDHHC5,0.479203884572266
ZEB1-AS1,1.20187828670782
ZFAND2A,0.641924168043303
ZFAS1,0.731086883093742
ZFP90,1.28776726177802
ZFYVE1,-0.56884784129902
ZKSCAN1,1.45680881029554
ZMAT2,0.581973165622867
ZMIZ1,-1.34692871569449
ZNF106,0.372810277472756
ZNF146,0.847131153667503
ZNF155,0.933035038307601
ZNF18,1.39141688084332
ZNF232,1.94265869897347
ZNF239,1.11081186243337
ZNF3,0.875395155691097
ZNF317,1.78376711881971
ZNF397,0.909802531547164
ZNF43_GL383575.2_166140_170222,1.73173493416449
ZNF544,1.81832632685643
ZNF559,3.77015239569283
ZNF562,0.709134257220503
ZNF592,0.90349508308234
ZNF611,5.44000588023883
ZNF623_KI270816.1_111843_131885,0.890415898834449
ZNF623_chr8_143636013_143656418,0.837361507520336
ZNF629,1.45127536762938
ZNF655,0.621029104010194
ZNF664,1.46105306813268
ZNF672,-0.459128775623613
ZNF680,2.46863513780578
ZNF721,1.59522643752666
ZNF76,1.33422556426652
ZNF789,0.444491582283691
ZNF83,1.26079447233839
ZNF836,0.656011671383378
AC000120.3,-8.01134325610608
AC009237.15,3.66952370187304
AC025164.2,5.70909102144768
AC099568.2,3.89370384095236
AC241952.2,-23.9541678293371
ACER2,-10.2290450077553
BX470102.2,-24.1795222960292
C6orf99,6.49122032928538
CCDC15,7.49115065623156
CFAP410,-25.6716101511009
DHDH,-9.6807589258497
EFNA2,-9.68932056256399
GAN,-25.032162755184
GATA6,-25.1177081438089
HELQ,8.64115601959923
KAZN,-11.1351507150825
KCNK6,-25.1375766178508
KLHL18,-25.2707053637141
KRT18P48,6.45449227295898
MSTRG.10192,-10.1715236754233
MSTRG.10412,-25.9536691729408
MSTRG.13419,-29.2126039530997
MSTRG.23888,-24.6450292005355
MSTRG.26709,-12.538319506573
MSTRG.3158,-25.1477307239842
MSTRG.34314,4.97100655203453
MSTRG.5345,-26.3041025914815
MSTRG.9377,3.79864886437798
NT5DC3,5.911945625098
PARM1,-25.1921193322678
SCAPER,6.05140459756509
SLC11A1,3.86392078802756
WDR86,-9.563864348345
ZNF304,-24.3410175547577
ZUP1,6.5869929202693
AC106886.6,-26.5865307986583
AL356599.1,-24.2619537041711
INAVA,9.06584858551109
MINDY2,-25.0974828252324
MSTRG.10544,4.51081419047746
MSTRG.1518,-26.5160186271583
MSTRG.16358,-24.5766773011958
MSTRG.20796,-26.1321615402804
MSTRG.36500,-25.3852594157627
MSTRG.5568,4.43999737170728
MSTRG.6185,-25.7624625414305
AC004134.1,3.58320944631938
AC016745.1,6.16181419182661
ATAD2B,10.3776377693382
MSTRG.35223,9.09125347111258
NR4A3,10.5657522040501
PIP4P2,9.12154660932571
TSPAN31,10.9723619043867
WIPF3,11.0426604546894
ZNF468,7.46829651464671
AC004908.3,5.46856907471621
AC026979.3,5.44713127328406
AC027237.5,8.71657806263778
AC091181.2,8.23870876557319
AC093642.5,5.90259626950073
AC093642.6,5.90259626950073
AC133644.2,11.7793864753653
ANKHD1-EIF4EBP3,28.3076220402688
AP002478.1,8.20550266414067
ARHGEF35_chr7_144186083_144195833,7.96968788304884
C9orf72,11.0506177276064
HSH2D,10.1567483570401
IFI44,9.53090779211542
KCND1,5.91623153451953
KRT18P31,6.66687478091774
LINC02709,8.18894854848047
LIPH,10.9895715808756
MAX,14.3596082147957
MSTRG.10328,25.5070328193332
MSTRG.12013,9.48082235949084
MSTRG.12386,23.890762885899
MSTRG.13931,8.8452533012719
MSTRG.14277,10.5588258873073
MSTRG.16650,26.1059433704384
MSTRG.20046,11.2173005783996
MSTRG.20353,23.3489644259783
MSTRG.20715,9.13666477681376
MSTRG.21595,28.2486373679629
MSTRG.21998,11.0581756225114
MSTRG.21999,6.70219960312572
MSTRG.23676,23.2801443895497
MSTRG.24363,5.93435292239511
MSTRG.30182,11.3540321044662
MSTRG.32943,24.7362140200301
MSTRG.33012,26.2381293637184
MSTRG.3361,24.9806449582456
MSTRG.33914,10.3049539715634
MSTRG.35180,28.4193598400328
MSTRG.36229,7.56836578832184
MSTRG.3711,5.71611929822791
MSTRG.4318,15.152398266277
MSTRG.5843,23.8621914801037
MSTRG.6600,24.7702023676672
MSTRG.7848,12.2645750426049
NEFM,23.6183094132913
PALB2,9.41534371765141
PPP1R9A,12.7926687406454
PRDM8,9.97650922206165
PRKAA2,12.9713807888124
RAB37,8.39422359525427
RIMS2,8.71549990773172
RP1,8.34601641609236
STARD4,23.5441014114675
STRA6LP,6.06217148855706
SULT1A1,10.729461355898
SYTL3,9.73131571367951
TEX48,8.21762000996934
TMC5,13.7001278613205
TMEM231P1,8.1668116570362
ZAR1L,6.11709331200685
ZNF221,9.70271498785458
ZNF41,23.4356549423446
ZNF430_GL383573.1_363896_380078,6.71883487253856
ZNF430_chr19_21020634_21060050,10.8571164724295
ZNF766,12.2723878702963
ZNF793,9.49194297344237
ZNF845,11.7052818603428
KLHL5,28.3865442040162
MSTRG.11264,11.6434885527223
MSTRG.15375,12.8144409678419
MSTRG.16447,24.4147256512275
MSTRG.32083,10.7231112147413
MSTRG.35008,10.117266796747
TTC25,23.5168161825071
ZNF416,24.4284124090445
ZNF699,23.6884276131469
GLIS2_chr16_4314761_4339597,24.9981942914158
LONRF3,23.6105428055052
MSTRG.15191,23.5507194950726
MSTRG.7614,25.1812114021787
PPP1R16B,24.6220074598749
TMEM150C,22.4887838676575
