,Nsi,si
chr1_179108906_C_T,1,1
chr1_94173891_C_T,1,1
chr1_40067675_T_G,1,1
chr1_223712706_C_G,1,1
chr1_182336006_T_C,1,0
chr1_8864081_C_G,0,1
chr1_149886522_A_G,1,1
chr1_236554626_T_C,1,1
chr1_236558360_T_C,1,1
chr1_1314402_G_A,0,1
chr1_39437880_CAT_,1,0
chr1_11056754_C_G,1,0
chr1_150998101_G_T,0,1
chr1_162383634_C_A,1,1
chr1_220796686_A_G,1,1
chr1_201623274__A,1,0
chr1_35560407_A_G,1,1
chr1_212791688_C_G,1,0
chr1_97546144_T_A,0,1
chr1_36286832_C_T,1,1
chr1_179882939_T_C,1,1
chr10_26748693_C_T,1,1
chr10_80166946_G_A,1,1
chr10_99880120_A_C,1,1
chr10_133370622_G_A,1,1
chr10_119050665_T_G,1,1
chr10_93700060_C_T,1,1
chr10_128105538_A_G,1,1
chr10_93337904_T_G,0,1
chr10_113884281_G_A,1,1
chr10_12173808_T_A,0,1
chr10_70206327_A_T,1,0
chr10_71819894_T_G,1,0
chr10_50080872_A_G,0,1
chr10_50093288_G_A,1,1
chr10_50093873_C_T,1,1
chr10_50129923_C_A,1,1
chr11_62520101_A_T,1,0
chr11_62524481_A_T,1,1
chr11_62524932_C_T,1,1
chr11_62525410_G_T,1,1
chr11_67490352_C_A,1,1
chr11_65021722_T_C,1,1
chr11_112026240_A_T,0,1
chr11_65580165_G_C,1,1
chr11_59124914_G_A,1,0
chr11_64804546_T_C,1,1
chr11_6319476_A_G,1,1
chr11_77701806_A_G,1,1
chr11_18106011__CGG,1,1
chr11_64773494_T_A,1,0
chr11_65038670_G_C,0,1
chr11_57326442_G_,1,1
chr11_57333437_C_T,1,0
chr11_9748015_C_G,1,1
chr11_57313132_C_T,1,1
chr11_11892038_G_T,1,1
chr11_57696781_G_A,1,1
chr12_111510444__CCCCA,1,0
chr12_123620004_A_G,1,1
chr12_6510118_C_G,0,1
chr12_6527813_G_T,1,1
chr12_56104824_C_A,1,0
chr12_62965769__CTGCTGCTGCTGCTGCTG,1,1
chr12_45928644_T_C,1,0
chr12_45928670_G_A,1,1
chr12_120462044_T_C,1,1
chr12_56428594_T_A,1,1
chr13_49732959_C_T,1,0
chr13_25257750_T_C,1,1
chr13_52029058_G_T,1,1
chr14_104939262_G_C,1,1
chr14_104939901_A_C,1,1
chr14_104944074_C_T,1,1
chr14_104948453_A_G,1,1
chr14_104952054_C_T,1,1
chr14_32094196_G_T,1,1
chr14_21081734_G_C,1,1
chr14_37591765_C_,1,1
chr14_77326864_G_A,1,1
chr14_21231070_T_G,1,0
chr14_55637338_G_A,1,1
chr14_31349841_C_T,1,1
chr14_64415662_A_G,1,1
chr14_36666587_G_A,1,0
chr14_39181030_A_T,1,1
chr14_20472447_G_A,1,1
chr14_91476415_A_G,0,1
chr14_73492108_T_C,1,1
chr14_30630532_A_G,1,1
chr14_60723400_C_G,0,1
chr14_69768620_G_A,1,1
chr15_72760499_T_C,1,1
chr15_49139542_A_G,1,0
chr15_63678257_T_C,1,1
chr15_72346551_T_C,1,1
chr15_40407700_G_A,1,1
chr15_63141567_G_A,1,1
chr15_90228518_T_G,1,1
chr15_45689218_TAAGTGCACTGCCT_,1,0
chr15_40036374_G_C,1,1
chr15_90936449_A_C,0,1
chr15_43828361_T_G,0,1
chr15_40813728_T_G,1,0
chr16_30068973_C_G,1,0
chr16_68231634_T_G,1,0
chr16_71922608_ATGCCC_,1,1
chr16_1975601_A_G,1,1
chr16_46621298_A_G,1,1
chr16_2762938_C_A,1,1
chr17_50684100_T_C,0,1
chr17_19958335_C_T,1,1
chr17_81996668_T_A,1,1
chr17_79794855_C_A,1,1
chr17_31856838_T_C,1,1
chr17_17142710_C_A,1,1
chr17_4555303_G_C,1,1
chr17_1470224_T_C,1,1
chr17_47944699_G_A,0,1
chr17_61070139_C_T,1,1
chr17_82752221_G_T,1,1
chr17_40404877__A,1,0
chr17_15628628_C_A,1,1
chr18_13001513_G_C,1,1
chr18_47108755__T,1,0
chr18_23532242_C_T,1,1
chr18_62716650_T_C,1,1
chr18_20967021_T_A,1,1
chr19_3752876_A_G,1,1
chr19_1077986_A_G,1,1
chr19_572695_G_A,1,0
chr19_12940868_T_G,1,0
chr19_36142733_G_T,1,0
chr19_36143117_G_T,1,0
chr19_14409864_C_A,0,1
chr19_10162696_T_C,1,1
chr19_48451164_G_A,1,1
chr19_41274049_G_A,0,1
chr19_10671199_G_T,1,0
chr19_12661276_C_T,1,1
chr19_12663394_G_C,1,1
chr19_55592770_T_C,1,1
chr19_4859925_T_C,1,1
chr19_4362612_C_T,0,1
chr19_7639094_A_C,0,1
chr19_58549461_G_A,1,1
chr19_18852244_G_T,1,1
chr19_29207807_G_A,1,1
chr2_215325297_C_G,1,1
chr2_85394936_T_C,1,1
chr2_62949004_A_C,1,1
chr2_222571888_C_T,1,1
chr2_171976274_T_C,1,1
chr2_190296896_T_C,1,1
chr2_38602595_G_A,1,1
chr2_20624738_C_T,1,1
chr2_86173701_G_A,1,1
chr2_237764060_C_G,1,1
chr2_71133495_G_T,1,1
chr2_27232206_T_C,1,0
chr2_74958729_G_T,1,1
chr2_74426371_C_T,1,1
chr2_197398000_A_G,1,0
chr2_96284507_C_T,1,1
chr2_85326957_G_A,1,1
chr2_229859408_C_T,1,1
chr20_56399324_A_T,1,0
chr20_3213196_C_A,1,1
chr20_62325425_A_G,1,1
chr20_3865750_C_T,1,1
chr20_2657933_T_C,1,1
chr20_2658236_T_C,1,1
chr20_58715291_C_G,1,1
chr20_25277297_A_C,1,0
chr20_17615510_C_A,1,1
chr20_45967568_C_G,1,1
chr21_36245563_G_A,0,1
chr21_42903461_C_T,1,1
chr22_19963748_G_A,1,1
chr22_21772887_C_T,0,1
chr22_50265341_C_T,0,1
chr22_43977891_G_T,1,0
chr22_20425478_G_C,1,1
chr3_98593134_G_A,1,1
chr3_41225839_C_G,1,1
chr3_58136067_G_A,1,1
chr3_58156064_A_G,1,1
chr3_158649111_G_A,1,1
chr3_37276545_G_A,1,1
chr3_49357401_G_A,1,1
chr3_156714768_A_G,1,1
chr3_13354079_C_A,1,1
chr3_13358286_G_A,1,1
chr3_193617202_G_A,1,1
chr3_33852560_G_A,1,1
chr3_48409630_TCAT_,0,1
chr3_184301893_G_A,1,1
chr3_185417579__T,0,1
chr3_17166775_T_C,0,1
chr3_196073940_C_T,1,1
chr3_141443343_T_G,1,1
chr4_67514497_G_A,1,1
chr4_56316136_C_A,0,1
chr4_112145675_G_A,1,1
chr4_87892625_A_G,1,1
chr4_37850235_A_C,1,1
chr4_1727829_G_A,1,1
chr4_2304326_A_G,1,1
chr5_91373701_G_T,1,1
chr5_10256060_A_T,1,1
chr5_138827716_A_G,1,0
chr5_159951090_T_C,1,0
chr5_72223837_C_T,1,1
chr5_97167819_C_T,1,1
chr5_77693346_T_G,0,1
chr6_56463051_C_T,1,1
chr6_135620084_T_A,0,1
chr6_27867411_C_T,1,1
chr6_27146636_T_G,1,1
chr6_52264686_C_T,1,1
chr6_43054341_C_T,1,1
chr6_3225779_C_T,0,1
chr6_151348740_A_G,1,1
chr6_151349037_A_C,1,1
chr6_4031764_A_G,1,1
chr6_3225779_C_T,0,1
chr7_36406247_G_A,1,1
chr7_36407740__CTT,1,1
chr7_97859257_A_T,1,1
chr7_2377070_A_C,0,1
chr7_158743576_T_C,1,1
chr7_158743654_A_G,1,1
chr7_50445333_C_T,0,1
chr7_30621500__AAAACAGTCA,0,1
chr7_76063575_A_C,1,0
chr7_1438974_C_T,1,1
chr7_131463363_T_C,0,1
chr7_75442223_T_G,0,1
chr7_23521833_C_T,1,1
chr7_38774211_T_G,1,0
chr7_139079487_C_T,1,1
chr7_130023656_C_T,1,1
chr8_61714313_C_G,1,1
chr8_86554937_C_A,1,1
chr8_81521735_G_A,1,1
chr8_47972876_T_A,1,1
chr8_17938873_A_G,1,1
chr8_17941732_T_C,0,1
chr8_143916466_C_A,1,1
chr8_143921326_C_T,1,1
chr8_143923759_G_A,1,1
chr8_143924249_G_A,1,1
chr8_143926863_T_C,1,1
chr8_143927420_C_T,1,1
chr8_143933019_G_A,1,1
chr8_37870499_A_G,1,1
chr8_60618643_A_G,0,1
chr8_22571145_T_C,1,1
chr9_38396068_G_T,1,1
chr9_38396505_G_A,1,1
chr9_33625091_A_G,1,1
chr9_129098622_G_T,1,1
chr9_133019810_G_T,0,1
chr9_34402391_C_T,0,1
chr9_130616489_G_T,1,1
chr9_125299099_A_T,0,1
chr9_86046538_C_G,1,1
chr9_128822790_A_G,1,1
chr9_110138485_A_G,1,1
chr9_111597344_C_A,1,1
chr9_19379613_G_T,1,0
chr9_69228107_C_A,1,0
chr9_109119887_G_C,1,1
chr9_115030304_C_G,1,1
chr9_138176316_CCT_TCT,0,1
chr9_129868385_GAC_,1,1
chrX_24055675_A_T,0,1
chrX_92113263__A,1,1
chrX_136206563_G_T,1,1
chrX_154546154_A_C,1,0
chrX_39787851_T_C,1,1
chrX_80574250_A_G,0,1
chrX_152480077_T_G,1,1
chrX_136230875_T_G,1,1
chrX_78123363_G_T,0,1
chrX_136874362_C_G,1,1
chrX_70963147_G_C,0,1

